track_id,genre_top
2,Hip-Hop
3,Hip-Hop
5,Hip-Hop
10,Pop
134,Hip-Hop
135,Rock
136,Rock
137,Experimental
138,Experimental
139,Folk
140,Folk
141,Folk
142,Folk
144,Jazz
145,Jazz
146,Jazz
147,Jazz
148,Experimental
149,Experimental
150,Experimental
151,Rock
152,Rock
153,Rock
154,Rock
155,Rock
156,Experimental
157,Experimental
158,Experimental
159,Experimental
160,Experimental
161,Experimental
162,Experimental
163,Experimental
164,Experimental
165,Experimental
166,Experimental
167,Experimental
168,Experimental
169,Rock
170,Rock
171,Rock
172,Rock
173,Rock
174,Rock
175,Rock
176,Rock
177,Rock
178,Rock
179,Rock
181,Rock
182,Rock
183,Rock
184,Rock
188,Folk
189,Folk
190,Folk
191,Folk
192,Folk
193,Folk
194,Folk
195,Folk
196,Folk
197,Folk
198,Folk
199,Folk
200,Folk
201,Folk
202,Folk
203,Folk
204,Folk
205,Folk
206,Folk
207,Folk
208,Folk
209,Folk
210,Folk
211,Folk
212,Folk
213,Pop
226,Rock
228,Rock
237,Jazz
238,Jazz
247,Rock
249,Rock
252,Rock
255,Rock
256,Rock
257,Rock
258,Rock
273,Experimental
274,Experimental
275,Experimental
276,Experimental
277,Experimental
281,Experimental
282,Experimental
284,Experimental
285,Experimental
293,Experimental
294,Experimental
297,Experimental
300,Experimental
303,Rock
304,Rock
305,Rock
306,Rock
307,Rock
308,Rock
309,Rock
310,Rock
311,Rock
312,Rock
313,Rock
314,Rock
315,Rock
316,Rock
317,Rock
318,Rock
319,Rock
320,Rock
321,Rock
322,Rock
323,Rock
324,Rock
325,Rock
326,Rock
327,Rock
328,Rock
330,Rock
331,Rock
332,Rock
333,Rock
334,Rock
335,Rock
336,Rock
337,Rock
338,Rock
339,Rock
340,Rock
341,Rock
342,Rock
343,Rock
344,Rock
345,Rock
346,Rock
347,Rock
348,Rock
349,Rock
350,Rock
351,Rock
352,Rock
353,Rock
354,Rock
355,Rock
356,Rock
357,Rock
358,Rock
359,Rock
360,Rock
361,Rock
362,Rock
363,Rock
364,Rock
365,Rock
366,Rock
367,Rock
368,Rock
369,Rock
370,Rock
371,Rock
384,Electronic
385,Electronic
386,Electronic
387,Electronic
393,Rock
394,Rock
395,Rock
396,Electronic
397,Electronic
398,Electronic
399,Electronic
400,Electronic
401,Electronic
402,Electronic
403,Electronic
404,Electronic
405,Electronic
406,Electronic
407,Electronic
408,Electronic
410,Electronic
411,Electronic
412,Electronic
414,Electronic
416,Electronic
417,Experimental
419,Experimental
421,Experimental
424,Experimental
425,Experimental
426,Experimental
427,Experimental
428,Experimental
429,Experimental
430,Experimental
431,Experimental
432,Experimental
433,Experimental
434,Experimental
435,Experimental
436,Experimental
437,Experimental
438,Experimental
439,Experimental
458,Rock
459,Rock
466,Rock
467,Rock
468,Rock
469,Rock
470,Rock
471,Rock
472,Rock
473,Rock
474,Rock
475,Rock
476,Rock
477,Rock
478,Rock
479,Rock
480,Rock
481,Rock
482,Rock
483,Rock
484,Rock
485,Rock
486,Rock
487,Rock
489,Rock
490,Rock
491,Rock
492,Rock
493,Rock
495,Rock
496,Rock
497,Rock
498,Rock
500,Rock
501,Rock
502,Rock
503,Rock
504,Rock
506,Rock
507,Rock
508,Rock
509,Rock
510,Rock
511,Rock
512,Rock
513,Rock
514,Rock
515,Rock
516,Rock
517,Rock
520,Rock
521,Rock
522,Rock
523,Rock
524,Rock
525,Rock
526,Rock
527,Rock
528,Rock
529,Rock
530,Rock
531,Rock
532,Electronic
533,Electronic
534,Folk
535,Folk
536,Folk
537,Folk
538,Folk
539,Folk
540,Folk
541,Folk
542,Folk
543,Folk
544,Folk
545,Folk
546,Folk
547,Folk
548,Folk
549,Folk
550,Electronic
562,Rock
563,Rock
564,Rock
565,Rock
566,Rock
567,Rock
568,Rock
569,Rock
570,Rock
571,Rock
572,Rock
573,Rock
574,Rock
575,Rock
576,Rock
577,Rock
578,Rock
579,Rock
580,Rock
583,Hip-Hop
584,Hip-Hop
585,Hip-Hop
586,Hip-Hop
587,Experimental
588,Experimental
589,Experimental
590,Jazz
591,Jazz
592,Jazz
593,Jazz
601,Folk
602,Folk
603,Folk
604,Folk
605,Rock
606,Rock
607,Rock
608,Rock
609,Rock
610,Folk
611,Folk
612,Folk
614,Folk
615,Experimental
616,Experimental
617,Folk
618,Folk
619,Folk
620,Folk
621,Folk
622,Folk
623,Folk
624,Folk
625,Folk
626,Folk
627,Folk
628,Folk
629,Folk
630,Folk
631,Folk
633,Rock
634,Rock
635,Rock
637,Experimental
638,Experimental
639,Experimental
640,Spoken
641,Electronic
642,Electronic
643,Electronic
644,Electronic
645,Electronic
646,Electronic
647,Electronic
648,Electronic
649,Electronic
650,Electronic
651,Electronic
652,Electronic
653,Electronic
654,Electronic
655,Electronic
656,Electronic
657,Electronic
658,Electronic
659,Electronic
660,Electronic
661,Electronic
662,Electronic
663,Electronic
664,Electronic
665,Electronic
666,International
667,International
668,Hip-Hop
669,Hip-Hop
670,Hip-Hop
671,Hip-Hop
672,Hip-Hop
673,Hip-Hop
674,Hip-Hop
675,Hip-Hop
676,Hip-Hop
677,Hip-Hop
678,Hip-Hop
679,Hip-Hop
680,Hip-Hop
681,Hip-Hop
682,Hip-Hop
683,Hip-Hop
684,Hip-Hop
685,Hip-Hop
686,Hip-Hop
687,Hip-Hop
688,Hip-Hop
689,Hip-Hop
690,Rock
691,Rock
692,Rock
693,Rock
694,Hip-Hop
695,Hip-Hop
696,Rock
697,Rock
698,Rock
699,Rock
700,Rock
701,Rock
702,Rock
703,Rock
704,International
705,International
706,International
707,International
708,International
709,International
711,Rock
712,Rock
713,Rock
714,Folk
715,Folk
716,Folk
717,Folk
718,Folk
719,Rock
720,Rock
721,Rock
722,Rock
723,Rock
725,Experimental
726,Experimental
727,Experimental
728,Experimental
729,Experimental
730,Experimental
731,Experimental
734,Soul-RnB
735,Soul-RnB
736,Soul-RnB
737,Soul-RnB
738,Soul-RnB
739,Soul-RnB
740,Soul-RnB
741,Soul-RnB
742,Soul-RnB
743,Soul-RnB
744,Soul-RnB
745,Soul-RnB
747,Soul-RnB
748,Soul-RnB
749,Soul-RnB
750,Soul-RnB
751,Soul-RnB
752,Soul-RnB
753,Soul-RnB
754,Soul-RnB
755,Soul-RnB
756,Soul-RnB
757,Soul-RnB
758,Soul-RnB
759,Soul-RnB
760,Soul-RnB
761,Soul-RnB
762,Soul-RnB
763,Soul-RnB
764,Soul-RnB
765,Soul-RnB
766,Soul-RnB
767,Soul-RnB
768,Soul-RnB
769,Soul-RnB
770,Soul-RnB
771,Soul-RnB
772,Soul-RnB
773,Soul-RnB
774,Soul-RnB
775,Soul-RnB
776,Soul-RnB
777,Rock
778,Rock
779,Rock
780,Rock
781,Rock
782,Rock
783,Rock
784,Rock
785,Rock
786,Rock
787,Rock
788,Rock
789,Rock
790,Rock
791,Rock
792,Rock
793,Rock
794,Rock
795,Rock
796,Rock
797,Rock
798,Rock
799,Experimental
800,Experimental
801,Experimental
803,Rock
804,Rock
805,Rock
806,Rock
807,Rock
814,Folk
815,Experimental
816,Experimental
817,Experimental
818,Experimental
819,Experimental
820,Experimental
821,Pop
822,Pop
823,Pop
824,Rock
825,Rock
826,Rock
827,Rock
828,Rock
829,Rock
830,Rock
831,Jazz
832,Jazz
833,Jazz
834,Jazz
835,Jazz
836,Rock
837,Rock
838,Rock
839,Rock
840,Rock
841,Rock
842,Rock
843,Rock
844,Rock
845,Rock
846,Rock
847,Pop
850,Rock
851,Rock
852,Rock
853,International
854,Experimental
855,Rock
856,Rock
857,Rock
858,Rock
859,Rock
860,Rock
861,Rock
862,Rock
863,Rock
864,Experimental
866,Experimental
868,Experimental
869,Experimental
870,Experimental
874,Electronic
875,Electronic
876,Electronic
877,Electronic
878,Electronic
879,Electronic
880,Electronic
881,Electronic
882,Electronic
883,Electronic
885,Electronic
886,Electronic
887,Electronic
888,Electronic
889,Electronic
890,Folk
891,Folk
892,Folk
893,Folk
894,Folk
895,Folk
896,Rock
897,Experimental
898,Experimental
899,Experimental
904,Spoken
905,Spoken
906,Spoken
907,Spoken
908,Spoken
909,Spoken
910,Spoken
911,Spoken
912,Spoken
913,Spoken
914,Spoken
915,Spoken
916,Spoken
917,Spoken
918,Spoken
919,Spoken
920,Spoken
921,Spoken
922,Spoken
923,Spoken
924,Spoken
925,Spoken
926,Spoken
927,Spoken
928,Spoken
929,Spoken
930,Spoken
931,Spoken
932,Spoken
933,Spoken
934,Spoken
935,Spoken
936,Spoken
937,Spoken
938,Spoken
939,Spoken
940,Spoken
941,Spoken
942,Spoken
943,Spoken
944,Spoken
945,Spoken
946,Spoken
947,Spoken
948,Spoken
949,Spoken
950,Spoken
951,Spoken
952,Spoken
953,Spoken
954,Spoken
955,Spoken
956,Spoken
957,Spoken
958,Spoken
959,Spoken
960,Spoken
961,Spoken
962,Spoken
963,Spoken
964,Spoken
965,Spoken
966,Spoken
967,Spoken
968,Spoken
969,Spoken
970,Spoken
971,Spoken
972,Spoken
973,Spoken
974,Spoken
975,Spoken
976,Spoken
977,Spoken
978,Experimental
979,Experimental
980,Experimental
981,Experimental
982,Experimental
983,Experimental
984,Experimental
985,Experimental
986,Experimental
987,Experimental
988,Experimental
989,Experimental
990,Experimental
991,Rock
992,Rock
993,Rock
995,Experimental
996,Experimental
997,Experimental
998,Experimental
999,Experimental
1000,Experimental
1001,Experimental
1002,Experimental
1003,Experimental
1004,Experimental
1006,Experimental
1007,Rock
1009,Rock
1013,Rock
1014,Rock
1015,Rock
1016,Rock
1017,Rock
1018,Rock
1019,Experimental
1020,Jazz
1021,Jazz
1022,Jazz
1023,Jazz
1024,Rock
1025,Rock
1026,Rock
1027,Rock
1028,Rock
1029,Rock
1030,Rock
1031,Rock
1032,Rock
1033,Rock
1034,Spoken
1035,Experimental
1036,Experimental
1037,Experimental
1038,Experimental
1039,Rock
1040,Rock
1041,Rock
1042,Blues
1043,Blues
1044,Blues
1045,Blues
1046,Blues
1047,Blues
1048,Blues
1049,Rock
1050,Rock
1051,Pop
1052,Rock
1058,Jazz
1059,Jazz
1060,Jazz
1061,Jazz
1062,Jazz
1063,Jazz
1064,Jazz
1066,Experimental
1067,Experimental
1068,Experimental
1069,Experimental
1070,Experimental
1071,Experimental
1072,Experimental
1073,Experimental
1074,Experimental
1075,Experimental
1077,Rock
1078,Rock
1079,Rock
1080,Rock
1081,Rock
1082,International
1083,Experimental
1084,Electronic
1085,Electronic
1086,Electronic
1087,Rock
1088,Electronic
1089,Electronic
1090,Electronic
1091,Electronic
1092,Experimental
1093,Experimental
1094,Experimental
1095,Experimental
1096,Experimental
1097,Experimental
1098,Experimental
1099,Experimental
1100,Experimental
1101,Experimental
1102,Rock
1105,Rock
1106,Rock
1107,Rock
1108,Rock
1110,Experimental
1111,Experimental
1113,Experimental
1116,Rock
1117,Rock
1118,Rock
1119,Rock
1120,Electronic
1121,Electronic
1122,Electronic
1123,Rock
1124,Rock
1125,Rock
1126,Rock
1127,Rock
1128,Rock
1129,Rock
1130,Rock
1131,Rock
1133,Rock
1135,Rock
1136,Rock
1138,Rock
1140,Rock
1141,Rock
1142,Rock
1143,Rock
1144,Rock
1145,Rock
1146,Rock
1147,Rock
1148,Rock
1149,Rock
1150,Rock
1151,Jazz
1152,Jazz
1153,Jazz
1154,Jazz
1155,Jazz
1156,Rock
1157,Rock
1158,Rock
1159,Rock
1160,Rock
1161,Rock
1162,Rock
1163,Rock
1164,Rock
1165,Rock
1166,Rock
1167,Rock
1168,Rock
1169,Rock
1170,Rock
1171,Rock
1172,Rock
1173,Rock
1174,Rock
1175,Rock
1176,Rock
1177,Rock
1178,Rock
1179,Rock
1180,Rock
1181,Rock
1182,Rock
1183,Rock
1184,Rock
1185,Rock
1186,Rock
1187,Rock
1188,Rock
1189,Rock
1190,Rock
1191,Rock
1192,Rock
1193,Folk
1194,Folk
1195,Folk
1196,Folk
1197,Folk
1198,Folk
1199,Folk
1201,Rock
1202,Rock
1203,Rock
1204,Rock
1205,Experimental
1206,Experimental
1207,Experimental
1208,Experimental
1209,Experimental
1210,Experimental
1211,Experimental
1212,Experimental
1214,Electronic
1218,Electronic
1221,Electronic
1224,Electronic
1240,Rock
1241,Experimental
1242,Experimental
1243,Experimental
1244,Experimental
1245,Experimental
1246,Experimental
1247,Experimental
1248,Experimental
1249,Experimental
1250,Experimental
1251,Experimental
1252,Experimental
1253,Experimental
1254,Experimental
1255,Experimental
1256,Experimental
1257,Experimental
1258,Experimental
1259,Experimental
1260,Experimental
1261,Experimental
1262,Experimental
1263,Experimental
1264,Experimental
1265,Experimental
1266,Experimental
1267,Experimental
1268,Experimental
1269,Experimental
1270,Rock
1271,Rock
1272,Rock
1273,Rock
1274,Rock
1275,Rock
1276,Experimental
1277,Experimental
1278,Experimental
1279,Rock
1280,Rock
1281,Rock
1282,Rock
1283,Rock
1284,Rock
1285,Rock
1286,Rock
1287,Rock
1288,Rock
1289,Rock
1290,Rock
1291,Rock
1292,Rock
1293,Rock
1294,Rock
1295,Rock
1296,Rock
1297,Rock
1298,Rock
1299,Rock
1300,Rock
1301,Rock
1302,Electronic
1303,Folk
1304,Electronic
1305,Electronic
1306,Electronic
1307,Electronic
1308,Folk
1309,Electronic
1310,Electronic
1311,Folk
1312,Electronic
1313,Folk
1314,Electronic
1315,Electronic
1316,Electronic
1317,Folk
1318,Electronic
1319,Electronic
1320,Electronic
1321,Electronic
1322,Folk
1323,Electronic
1324,Electronic
1325,Electronic
1326,Folk
1327,Electronic
1328,Electronic
1329,Folk
1330,Electronic
1331,Electronic
1332,Electronic
1333,Electronic
1334,Electronic
1335,Electronic
1336,Electronic
1337,Electronic
1338,Electronic
1339,Electronic
1340,Electronic
1341,Folk
1342,Folk
1343,Experimental
1344,Experimental
1345,Experimental
1346,Experimental
1347,Experimental
1348,Experimental
1354,Rock
1355,Experimental
1356,Rock
1357,Rock
1358,Rock
1359,Rock
1360,Rock
1361,Rock
1362,Rock
1363,Rock
1364,Rock
1365,Rock
1366,Rock
1367,Rock
1368,Rock
1369,Rock
1370,Rock
1371,Rock
1372,Rock
1373,Rock
1374,Rock
1375,Rock
1376,Rock
1377,Rock
1378,Rock
1380,Rock
1381,Rock
1382,Rock
1383,Rock
1412,Rock
1413,Rock
1414,Rock
1415,Rock
1416,Rock
1417,Rock
1418,Rock
1419,Rock
1420,Rock
1421,Rock
1422,Rock
1423,Rock
1424,Rock
1425,Rock
1426,Rock
1427,Rock
1428,Electronic
1430,Electronic
1431,Electronic
1432,Electronic
1433,Electronic
1434,Electronic
1435,Electronic
1436,Electronic
1437,Electronic
1438,Electronic
1439,Electronic
1441,Electronic
1442,Electronic
1443,Experimental
1444,Experimental
1450,Rock
1451,Rock
1474,Rock
1475,Rock
1476,Electronic
1477,Electronic
1478,Electronic
1479,Electronic
1480,Electronic
1481,Electronic
1482,Electronic
1483,Electronic
1484,Electronic
1485,Electronic
1486,Electronic
1487,Electronic
1488,Electronic
1489,Electronic
1490,Rock
1491,Rock
1492,Rock
1494,Experimental
1495,Experimental
1496,Experimental
1497,Experimental
1498,Experimental
1499,Experimental
1500,Experimental
1501,Experimental
1502,Experimental
1503,Experimental
1504,Experimental
1505,Experimental
1506,Experimental
1507,Experimental
1508,Experimental
1509,Experimental
1510,Experimental
1511,Experimental
1512,Experimental
1513,Experimental
1514,Experimental
1515,Rock
1516,Rock
1517,Experimental
1518,Rock
1519,Rock
1520,Rock
1521,Rock
1522,Rock
1523,Rock
1524,Rock
1525,Rock
1526,Rock
1527,Rock
1528,Rock
1529,Rock
1530,Rock
1531,Rock
1532,Rock
1533,Rock
1534,Rock
1535,Rock
1536,Rock
1537,Experimental
1538,Experimental
1539,Experimental
1540,Folk
1541,Folk
1542,Folk
1543,Folk
1544,Folk
1545,Folk
1546,Folk
1547,Electronic
1548,Electronic
1549,Electronic
1550,Electronic
1551,Electronic
1552,Electronic
1553,Electronic
1554,Electronic
1555,Electronic
1556,Electronic
1557,Experimental
1558,Experimental
1559,Experimental
1560,Experimental
1561,Experimental
1562,Experimental
1563,Experimental
1564,Experimental
1565,Experimental
1566,Experimental
1567,Experimental
1568,Experimental
1569,Experimental
1570,Experimental
1572,Experimental
1573,Experimental
1576,Experimental
1577,Experimental
1578,Experimental
1579,Experimental
1580,Experimental
1581,Experimental
1582,Experimental
1583,Experimental
1584,Experimental
1585,Experimental
1586,Experimental
1587,Experimental
1588,Experimental
1589,Experimental
1590,Rock
1591,Rock
1592,Rock
1593,Rock
1594,Rock
1595,Rock
1596,Rock
1597,Rock
1598,Rock
1599,Rock
1600,Rock
1601,Rock
1602,Rock
1603,Rock
1604,Rock
1605,Rock
1606,Rock
1607,Rock
1608,Rock
1609,Rock
1610,Rock
1611,Rock
1612,Rock
1613,Rock
1614,Rock
1615,Rock
1616,Rock
1617,Rock
1618,Rock
1619,Rock
1620,Experimental
1621,Experimental
1622,Experimental
1623,Experimental
1624,Experimental
1625,Experimental
1626,Experimental
1627,Experimental
1628,Experimental
1629,Experimental
1630,Experimental
1631,Experimental
1632,Experimental
1633,Experimental
1634,Electronic
1635,Electronic
1636,Electronic
1637,Electronic
1638,Electronic
1639,Electronic
1640,Electronic
1641,Rock
1642,Pop
1643,Pop
1644,Pop
1645,Pop
1648,Pop
1649,Pop
1652,Pop
1657,Pop
1658,Pop
1659,Pop
1660,Pop
1661,Pop
1662,Pop
1663,Pop
1664,Pop
1665,Pop
1666,Pop
1667,Experimental
1668,Experimental
1669,Experimental
1670,Experimental
1671,Experimental
1672,Experimental
1673,Experimental
1674,Experimental
1675,Electronic
1676,Electronic
1677,Electronic
1678,Electronic
1679,Electronic
1680,International
1681,International
1682,International
1683,International
1684,International
1685,International
1686,International
1687,International
1688,International
1689,International
1690,Rock
1691,Pop
1692,Pop
1693,Pop
1694,Rock
1695,Rock
1696,Rock
1697,Rock
1698,Folk
1699,Folk
1700,Folk
1701,Folk
1702,Folk
1703,Folk
1704,Folk
1705,Folk
1706,Rock
1707,Rock
1708,Rock
1709,Rock
1710,Rock
1711,Rock
1712,Rock
1713,Rock
1714,Rock
1715,Rock
1716,Rock
1717,Rock
1718,Rock
1719,Rock
1720,Rock
1721,Electronic
1722,Electronic
1723,Electronic
1725,Rock
1726,Rock
1727,Rock
1728,Rock
1730,Rock
1731,Experimental
1732,Experimental
1733,Experimental
1734,Experimental
1735,Experimental
1736,Experimental
1737,Experimental
1738,Experimental
1739,Experimental
1740,Rock
1741,Rock
1742,Rock
1743,Rock
1744,Rock
1745,Rock
1746,Rock
1747,Rock
1748,Rock
1749,Rock
1750,Rock
1751,Rock
1752,Rock
1753,Rock
1754,Rock
1755,Rock
1756,Rock
1757,Rock
1759,Folk
1761,Folk
1763,Folk
1765,Folk
1767,Folk
1768,Folk
1770,Rock
1771,Rock
1772,Rock
1773,Rock
1780,Rock
1781,Rock
1782,Rock
1783,Rock
1784,Rock
1785,Rock
1786,Rock
1787,Rock
1788,Rock
1789,Rock
1790,Rock
1791,Rock
1792,Rock
1793,Rock
1794,Rock
1795,Rock
1796,Rock
1797,Rock
1798,Rock
1799,Rock
1800,Rock
1801,Rock
1802,Rock
1803,Rock
1804,Rock
1805,Rock
1806,Rock
1807,Rock
1808,Rock
1809,Rock
1810,Rock
1811,Rock
1812,Rock
1813,Rock
1814,Rock
1815,Rock
1816,Rock
1817,Rock
1818,Rock
1819,Rock
1820,Rock
1821,Rock
1822,Rock
1823,Rock
1824,Rock
1825,Rock
1826,Rock
1827,Rock
1828,Rock
1829,Rock
1830,Rock
1831,Rock
1832,Rock
1833,Rock
1834,Rock
1835,Rock
1836,Rock
1837,Rock
1840,Pop
1841,Pop
1842,Pop
1843,Pop
1844,Pop
1860,Rock
1861,Rock
1863,Electronic
1864,Electronic
1866,Electronic
1868,Electronic
1870,Electronic
1872,Electronic
1874,Electronic
1875,Electronic
1876,Electronic
1877,Electronic
1878,Electronic
1879,Electronic
1880,Electronic
1881,Electronic
1882,Rock
1883,Rock
1884,Rock
1885,Rock
1886,Rock
1887,Rock
1888,Rock
1889,Rock
1890,Rock
1891,Rock
1893,Folk
1894,Folk
1895,Folk
1896,Folk
1898,Rock
1899,Rock
1900,Rock
1901,Rock
1902,Rock
1909,Folk
1910,Experimental
1911,Experimental
1912,Experimental
1913,Folk
1914,Folk
1915,Folk
1916,Folk
1917,Folk
1918,Folk
1919,Folk
1920,Folk
1921,Folk
1922,Folk
1923,Folk
1924,Folk
1925,Folk
1926,Folk
1927,Folk
1928,Folk
1929,Experimental
1930,Rock
1931,Experimental
1932,Experimental
1933,Experimental
1934,Experimental
1935,Experimental
1936,Experimental
1937,Experimental
1938,Experimental
1939,Experimental
1940,Rock
1941,Rock
1942,Rock
1943,Rock
1944,Rock
1945,Rock
1946,Rock
1947,Rock
1948,Rock
1949,Rock
1950,Rock
1951,Rock
1952,Rock
1953,Rock
1954,Rock
1955,Rock
1956,Rock
1957,Rock
1958,Rock
1959,Rock
1960,Rock
1961,Rock
1962,Rock
1963,Jazz
1964,Jazz
1965,Jazz
1966,Jazz
1967,Jazz
1968,Experimental
1969,Experimental
1970,Experimental
1971,Experimental
1972,Experimental
1973,Experimental
1974,Experimental
1975,Electronic
1976,Electronic
1977,Electronic
1978,Electronic
1979,Experimental
1980,Experimental
1981,Experimental
1982,Experimental
1983,Rock
1984,Rock
1985,Rock
1986,Rock
1987,Rock
1988,Rock
1989,Rock
1990,Rock
1991,Rock
1992,Rock
1993,Rock
1994,Rock
1995,Rock
1996,Jazz
1997,Experimental
1998,Experimental
1999,Experimental
2000,Experimental
2001,Experimental
2002,Experimental
2003,Experimental
2004,Experimental
2005,Experimental
2006,Experimental
2007,Experimental
2008,Experimental
2009,Rock
2011,Experimental
2012,Experimental
2014,Rock
2016,Rock
2017,Rock
2018,Experimental
2019,Experimental
2020,Experimental
2021,Experimental
2069,Rock
2070,Rock
2071,Electronic
2072,Electronic
2073,Electronic
2074,Electronic
2075,Electronic
2076,Electronic
2077,Electronic
2078,Electronic
2079,Electronic
2080,Electronic
2081,Electronic
2082,Electronic
2096,Experimental
2097,Folk
2098,Experimental
2099,Pop
2100,Experimental
2101,Experimental
2102,Experimental
2103,Experimental
2104,Experimental
2105,Experimental
2106,Experimental
2107,Experimental
2108,Experimental
2109,Experimental
2110,Experimental
2111,Experimental
2112,Experimental
2113,Experimental
2114,Experimental
2115,Experimental
2116,Experimental
2117,Experimental
2119,Experimental
2120,Electronic
2125,Rock
2126,Rock
2127,Rock
2128,Rock
2129,Rock
3154,Experimental
3225,Electronic
3263,Folk
3264,Folk
3265,Folk
3266,Folk
3267,Folk
3268,Electronic
3269,Rock
3270,Folk
3271,Folk
3272,Folk
3273,Folk
3274,Folk
3291,Spoken
3314,Pop
3315,Folk
3316,Hip-Hop
3317,Hip-Hop
3318,Hip-Hop
3319,Hip-Hop
3320,Hip-Hop
3321,Hip-Hop
3322,Hip-Hop
3323,Hip-Hop
3324,Hip-Hop
3345,Electronic
3346,Electronic
3347,Electronic
3348,Electronic
3349,Electronic
3350,Electronic
3351,Rock
3352,Rock
3353,Rock
3354,Rock
3355,Rock
3356,Rock
3357,Pop
3358,Pop
3359,Pop
3360,Pop
3361,Pop
3362,Pop
3363,Folk
3364,Folk
3365,Folk
3367,Electronic
3368,Experimental
3369,Electronic
3370,Experimental
3371,Experimental
3372,Electronic
3373,Experimental
3375,Experimental
3377,Experimental
3379,Experimental
3380,Experimental
3382,Experimental
3384,Electronic
3385,Experimental
3386,Electronic
3401,Rock
3402,Rock
3403,Rock
3404,Rock
3405,Rock
3406,Rock
3407,Rock
3408,Rock
3409,Rock
3424,Blues
3425,Blues
3426,Blues
3427,Blues
3428,Blues
3429,Blues
3430,Blues
3431,Blues
3432,Blues
3433,Blues
3435,Blues
3440,Blues
3443,Blues
3444,Blues
3445,Blues
3446,Spoken
3447,Spoken
3448,Spoken
3449,Spoken
3450,Spoken
3452,Electronic
3453,Electronic
3454,Electronic
3455,Electronic
3456,Electronic
3457,Electronic
3458,Electronic
3459,Country
3460,Country
3461,Country
3462,Country
3463,Country
3464,Country
3465,Country
3466,Country
3467,Rock
3468,Rock
3469,Rock
3470,Rock
3471,Rock
3472,Rock
3473,Rock
3474,Rock
3475,Rock
3476,Rock
3477,Rock
3478,Rock
3479,Rock
3481,Folk
3482,Folk
3483,Folk
3484,Folk
3485,Folk
3486,Folk
3487,Folk
3488,Rock
3489,Rock
3490,Rock
3491,Rock
3492,Rock
3493,Rock
3494,Rock
3495,Rock
3496,Rock
3497,Rock
3498,Rock
3499,Rock
3501,Rock
3502,Rock
3503,Rock
3504,Rock
3505,Rock
3514,Rock
3515,Rock
3516,Rock
3517,Rock
3518,Rock
3519,Rock
3520,Rock
3521,Rock
3522,Rock
3532,Pop
3533,Pop
3534,Pop
3535,Pop
3536,Pop
3537,Pop
3538,Pop
3539,Pop
3540,Pop
3541,Rock
3542,Rock
3543,Rock
3544,Rock
3545,Rock
3546,Rock
3547,Rock
3548,Rock
3551,Rock
3552,Rock
3553,Rock
3554,Rock
3556,Electronic
3557,Electronic
3558,Electronic
3559,Electronic
3560,Electronic
3561,Electronic
3562,Electronic
3563,Electronic
3564,Electronic
3565,Electronic
3566,Electronic
3567,Electronic
3568,Electronic
3569,Electronic
3570,Electronic
3571,Electronic
3572,Electronic
3573,Electronic
3574,Electronic
3575,Electronic
3579,Rock
3580,Rock
3581,Rock
3582,Rock
3583,Rock
3584,Rock
3585,Rock
3586,International
3587,International
3588,International
3589,International
3590,International
3591,Spoken
3592,Rock
3593,Rock
3594,Rock
3595,Rock
3596,Rock
3597,Rock
3598,Folk
3602,Rock
3603,Rock
3604,Rock
3605,Rock
3606,Rock
3607,Rock
3608,Rock
3609,Rock
3610,Electronic
3612,Rock
3613,Rock
3614,Rock
3616,Rock
3617,Rock
3618,Rock
3619,Rock
3620,Rock
3621,Rock
3622,Rock
3624,Rock
3625,Rock
3626,Rock
3627,Folk
3628,Folk
3629,Folk
3630,Folk
3631,Folk
3633,Rock
3634,Rock
3635,Rock
3636,Rock
3637,Rock
3638,Rock
3645,Rock
3646,Rock
3647,Rock
3648,Rock
3649,Rock
3650,Rock
3651,Rock
3652,Rock
3653,Rock
3654,Rock
3655,Rock
3656,Rock
3657,Rock
3658,Rock
3659,Rock
3660,Rock
3661,Rock
3662,Rock
3663,Rock
3664,Rock
3665,Rock
3666,Rock
3667,Rock
3668,Rock
3669,Rock
3670,Rock
3671,Rock
3672,Rock
3679,Rock
3680,Rock
3681,Rock
3682,Rock
3683,Rock
3684,Rock
3685,Rock
3686,Rock
3687,Rock
3688,Rock
3689,Rock
3690,Rock
3691,Rock
3692,Rock
3693,Rock
3694,Rock
3695,Rock
3696,Rock
3697,Rock
3698,Rock
3699,Rock
3700,Rock
3701,Rock
3702,Rock
3703,Rock
3704,Rock
3705,Rock
3707,Folk
3708,Folk
3709,Blues
3710,Blues
3711,Blues
3714,Country
3715,Country
3716,Country
3717,Country
3718,Country
3719,Country
3720,Rock
3721,Rock
3722,Rock
3723,Rock
3724,Rock
3725,Rock
3726,Rock
3727,Rock
3728,Electronic
3729,Electronic
3747,Experimental
3748,Experimental
3749,Rock
3750,Rock
3751,Rock
3752,Rock
3753,Rock
3754,Rock
3755,Rock
3756,Rock
3758,Rock
3759,Rock
3760,Rock
3761,Rock
3762,Rock
3763,Rock
3764,Rock
3765,Rock
3766,Rock
3767,Rock
3774,International
3775,International
3776,International
3777,International
3778,International
3779,International
3780,Folk
3781,Folk
3782,Folk
3783,Folk
3784,Folk
3785,Folk
3786,Folk
3787,Folk
3788,Folk
3789,Folk
3790,Folk
3791,Rock
3792,Rock
3793,Rock
3794,Rock
3795,Rock
3796,Rock
3797,Rock
3810,Rock
3811,Rock
3812,Rock
3813,Rock
3814,Rock
3815,Rock
3816,Rock
3817,Rock
3818,Rock
3819,Rock
3820,Rock
3821,Rock
3822,Rock
3823,Rock
3832,Folk
3833,Rock
3834,Rock
3835,Rock
3836,Rock
3837,Rock
3838,Rock
3839,Rock
3840,Rock
3842,Blues
3847,Folk
3848,Folk
3849,Folk
3850,Folk
3851,Folk
3852,Folk
3853,Folk
3854,Rock
3855,Rock
3856,Rock
3857,Rock
3859,Rock
3860,Rock
3861,Rock
3862,Rock
3863,Rock
3864,Rock
3865,Rock
3866,Rock
3867,Rock
3868,Rock
3869,Rock
3870,Rock
3871,Rock
3872,Rock
3873,Rock
3874,Rock
3875,Rock
3876,Rock
3880,Folk
3881,Folk
3882,Folk
3883,Folk
3884,Folk
3885,Folk
3895,International
3896,International
3897,International
3898,International
3899,International
3902,Folk
3903,Folk
3904,Folk
3905,Folk
3906,Folk
3908,Folk
3909,Folk
3910,Folk
3911,Folk
3912,Folk
3913,Folk
3914,Folk
3915,Folk
3916,Folk
3917,Folk
3918,Folk
3919,Folk
3920,Folk
3921,Folk
3922,Electronic
3923,Rock
3924,Rock
3925,Rock
3926,Rock
3927,Rock
3928,Rock
3929,Rock
3930,Rock
3931,Rock
3932,Rock
3933,Rock
3934,Rock
3935,Rock
3936,Rock
3937,Rock
3938,Rock
3939,Rock
3940,Rock
3941,Rock
3942,Rock
3943,Rock
3944,Rock
3945,Rock
3946,Rock
3947,Rock
3948,Rock
3950,Rock
3951,Rock
3952,Rock
3953,Rock
3954,Rock
3955,Rock
3956,Rock
3957,Rock
3958,Rock
3959,Rock
3960,Rock
3961,Rock
3962,Rock
3963,Rock
3964,Rock
3965,Rock
3966,Rock
3967,Rock
3968,Rock
3969,Rock
3970,Rock
3971,Rock
3972,Rock
3973,Rock
3974,Rock
3975,Rock
3976,Rock
3977,Rock
3978,Rock
3979,Rock
3980,Rock
3981,Rock
3982,Rock
3983,Rock
3984,Rock
3985,Rock
3986,Rock
3987,Rock
3988,Rock
3989,Rock
3990,Rock
4000,Rock
4001,Rock
4002,Rock
4003,Rock
4004,Rock
4005,Rock
4006,Experimental
4007,Experimental
4008,Experimental
4009,Experimental
4010,Experimental
4011,Experimental
4012,Experimental
4013,Folk
4014,Folk
4015,Folk
4016,Folk
4017,Folk
4018,Jazz
4019,Rock
4020,Rock
4021,Rock
4022,Rock
4023,Rock
4024,Rock
4025,Rock
4026,Rock
4027,Rock
4028,Rock
4029,Rock
4030,Rock
4031,Rock
4032,Rock
4033,Rock
4034,Rock
4035,Rock
4036,Rock
4037,Folk
4038,Rock
4039,Rock
4040,Rock
4041,Rock
4042,Rock
4043,Rock
4044,Rock
4045,Rock
4054,Experimental
4055,Experimental
4056,Experimental
4065,Jazz
4066,Folk
4067,Folk
4068,Folk
4069,Folk
4070,International
4071,International
4072,International
4073,International
4074,International
4075,International
4076,International
4077,International
4078,International
4079,International
4080,International
4081,International
4082,Rock
4083,Rock
4084,Rock
4085,Rock
4086,Rock
4087,Rock
4088,Rock
4089,Rock
4090,Rock
4091,International
4092,International
4093,International
4094,International
4095,International
4096,International
4097,International
4098,International
4099,International
4100,International
4101,International
4102,International
4103,International
4104,Rock
4105,Rock
4106,Rock
4107,Rock
4108,Rock
4109,Rock
4110,Rock
4111,Rock
4112,Rock
4113,Rock
4114,Rock
4116,Rock
4117,Rock
4118,Rock
4119,Rock
4125,Rock
4126,Rock
4127,Rock
4128,Rock
4129,Rock
4130,Rock
4131,Rock
4132,Rock
4133,Rock
4134,Rock
4135,Rock
4151,Jazz
4154,Jazz
4155,Rock
4156,Rock
4157,Rock
4158,Rock
4159,Rock
4160,Rock
4161,Rock
4162,Rock
4164,Experimental
4165,Rock
4166,Rock
4167,Rock
4168,Rock
4169,Rock
4170,Rock
4171,Rock
4172,Rock
4173,Rock
4174,Rock
4175,Rock
4176,Rock
4177,Rock
4178,Rock
4179,Rock
4180,Rock
4181,Rock
4182,Rock
4183,Rock
4184,Rock
4185,Rock
4186,Rock
4187,Rock
4188,Rock
4189,Rock
4190,Rock
4191,Rock
4192,Rock
4193,Rock
4194,Rock
4195,Rock
4196,Rock
4197,Rock
4198,Rock
4199,Rock
4200,Rock
4201,Rock
4202,Rock
4214,Rock
4215,Rock
4216,Rock
4217,Rock
4218,Rock
4219,Rock
4232,International
4233,International
4234,International
4235,International
4236,International
4237,International
4238,International
4239,International
4240,International
4243,Rock
4244,Rock
4245,Rock
4246,Rock
4249,Rock
4250,Rock
4252,Rock
4254,Rock
4255,Rock
4257,Rock
4259,Experimental
4260,Experimental
4261,Experimental
4262,Experimental
4263,Rock
4264,Rock
4265,Rock
4266,Rock
4267,Rock
4268,Rock
4269,Rock
4270,Rock
4271,Rock
4272,Rock
4273,Rock
4274,Rock
4275,Rock
4276,Rock
4277,Experimental
4284,Rock
4285,Rock
4296,Rock
4297,Rock
4298,Rock
4299,Rock
4300,Rock
4301,Rock
4302,Rock
4303,Rock
4304,Rock
4305,Rock
4306,Rock
4307,Rock
4308,Rock
4309,Rock
4310,Rock
4311,Rock
4312,Rock
4313,Rock
4315,Rock
4316,Rock
4330,Rock
4331,Rock
4332,Rock
4333,Rock
4334,Rock
4335,Rock
4336,Rock
4344,Rock
4345,Rock
4346,Rock
4347,Rock
4348,Rock
4349,Rock
4350,Rock
4363,Rock
4364,Rock
4365,Rock
4366,Rock
4367,Rock
4368,Rock
4369,Rock
4370,Rock
4371,Rock
4372,Rock
4373,Rock
4374,Rock
4381,Rock
4382,Rock
4383,Rock
4384,Rock
4385,Rock
4386,Rock
4387,Rock
4388,Rock
4389,Rock
4391,Rock
4392,Rock
4393,Rock
4394,Rock
4395,Rock
4396,Rock
4397,Rock
4398,Rock
4399,Rock
4400,Rock
4401,Rock
4402,Rock
4403,Rock
4404,Rock
4405,Rock
4406,Rock
4407,Rock
4408,Rock
4409,Rock
4410,Rock
4411,Rock
4412,Rock
4413,Rock
4414,Rock
4415,Rock
4416,Rock
4417,Rock
4418,Rock
4419,Rock
4420,Rock
4421,Rock
4422,Rock
4423,Rock
4424,Rock
4425,Rock
4426,Rock
4427,Rock
4428,Rock
4429,Rock
4430,Rock
4431,Rock
4432,Rock
4433,Rock
4434,Rock
4435,Rock
4436,Rock
4437,Rock
4438,Rock
4439,Experimental
4440,Experimental
4441,Experimental
4442,Spoken
4443,Rock
4444,Folk
4445,Folk
4446,Folk
4447,Folk
4449,Folk
4450,Folk
4451,Folk
4452,Folk
4453,Folk
4454,Folk
4455,Folk
4463,Rock
4464,Rock
4465,Rock
4466,Rock
4467,Rock
4468,Rock
4469,Rock
4470,Spoken
4471,Rock
4472,Experimental
4473,Experimental
4484,Rock
4485,Rock
4486,Rock
4487,Rock
4488,Rock
4489,Rock
4490,Rock
4491,Rock
4492,Rock
4493,Rock
4494,Rock
4495,Rock
4496,Rock
4497,Rock
4498,Rock
4499,Rock
4500,Rock
4501,Rock
4502,Rock
4503,Rock
4507,International
4508,International
4509,International
4510,International
4511,International
4513,Experimental
4514,Experimental
4515,Rock
4516,Rock
4517,International
4518,Rock
4519,Electronic
4520,Electronic
4521,Electronic
4522,Electronic
4523,Rock
4536,Blues
4537,Blues
4538,Blues
4539,Blues
4540,Blues
4541,Rock
4542,Rock
4543,Rock
4544,Rock
4599,Rock
4600,Rock
4601,Rock
4602,Rock
4603,Rock
4604,Rock
4605,Rock
4606,Rock
4607,Rock
4682,Hip-Hop
4683,Hip-Hop
4684,Hip-Hop
4685,Hip-Hop
4686,Hip-Hop
4687,Hip-Hop
4688,Hip-Hop
4691,Electronic
4692,Electronic
4693,Electronic
4694,Electronic
4695,Electronic
4696,Electronic
4697,Electronic
4698,Electronic
4699,Electronic
4700,Electronic
4701,Electronic
4702,Electronic
4703,Jazz
4704,Jazz
4705,Jazz
4706,Jazz
4707,Electronic
4708,Electronic
4709,Rock
4712,Rock
4713,Rock
4736,Electronic
4737,Country
4738,Country
4739,Country
4740,Country
4741,Country
4742,Country
4743,Country
4744,Country
4745,Country
4746,Country
4747,Country
4748,Country
4749,Country
4750,Country
4751,Rock
4752,Rock
4753,Experimental
4754,Experimental
4755,Experimental
4756,Experimental
4757,Experimental
4758,Experimental
4759,Rock
4760,Rock
4761,Rock
4762,Rock
4763,Rock
4764,Rock
4765,Rock
4766,Rock
4767,Rock
4768,Rock
4769,Rock
4770,Rock
4771,Rock
4772,Rock
4773,Rock
4774,Rock
4775,Rock
4776,Rock
4777,Rock
4778,Rock
4779,Rock
4780,Rock
4781,Rock
4782,Rock
4783,Rock
4784,Rock
4785,Rock
4786,Rock
4787,Rock
4788,Rock
4789,Rock
4790,Rock
4791,Rock
4792,Rock
4793,Rock
4794,Rock
4795,Rock
4796,Rock
4797,Rock
4798,Rock
4799,Rock
4800,Rock
4801,Rock
4802,Rock
4803,Rock
4804,Rock
4828,Rock
4829,Rock
4830,Rock
4835,Rock
4836,Rock
4837,Rock
4838,Rock
4840,Rock
4841,Rock
4846,International
4847,International
4848,International
4849,International
4850,Classical
4851,Classical
4991,Folk
4996,Rock
4997,Rock
4998,Rock
4999,Rock
5000,Rock
5001,Rock
5002,Rock
5003,Rock
5004,Rock
5006,Rock
5007,Rock
5009,Old-Time / Historic
5011,Old-Time / Historic
5012,Old-Time / Historic
5013,Old-Time / Historic
5014,Old-Time / Historic
5015,Old-Time / Historic
5016,Old-Time / Historic
5017,Old-Time / Historic
5018,Old-Time / Historic
5019,Old-Time / Historic
5020,Old-Time / Historic
5021,Old-Time / Historic
5022,Old-Time / Historic
5023,Old-Time / Historic
5024,Old-Time / Historic
5026,Old-Time / Historic
5027,Old-Time / Historic
5028,Old-Time / Historic
5029,Old-Time / Historic
5030,Old-Time / Historic
5031,Old-Time / Historic
5032,Old-Time / Historic
5033,Old-Time / Historic
5034,Old-Time / Historic
5035,Old-Time / Historic
5036,Old-Time / Historic
5037,Old-Time / Historic
5038,Old-Time / Historic
5040,Old-Time / Historic
5041,Old-Time / Historic
5042,Old-Time / Historic
5043,Old-Time / Historic
5044,Old-Time / Historic
5045,Rock
5047,Folk
5048,Folk
5049,Folk
5050,Folk
5051,Folk
5052,Folk
5053,Folk
5054,Folk
5055,Folk
5056,Folk
5057,Folk
5058,Folk
5059,Folk
5060,Rock
5061,Rock
5062,Rock
5063,Rock
5064,Rock
5065,Rock
5078,Rock
5079,Rock
5087,Rock
5088,Rock
5089,Rock
5090,Rock
5091,Rock
5092,Rock
5095,Pop
5098,Rock
5099,Rock
5100,Rock
5101,Rock
5102,Rock
5103,Rock
5104,Rock
5106,Jazz
5107,Jazz
5119,Jazz
5120,Jazz
5130,Rock
5133,Electronic
5140,Folk
5141,Folk
5142,Folk
5143,Folk
5144,Folk
5147,Rock
5148,Rock
5149,Rock
5151,Rock
5152,Rock
5153,Rock
5156,Folk
5157,Folk
5158,Folk
5159,Folk
5160,Rock
5161,Rock
5162,Rock
5163,Rock
5164,Rock
5165,Rock
5166,Rock
5167,Rock
5169,Folk
5170,Folk
5171,Folk
5175,Pop
5176,Pop
5177,Pop
5178,Pop
5179,Pop
5180,Pop
5181,Pop
5182,Pop
5183,Pop
5184,Pop
5186,Pop
5187,Pop
5188,Pop
5189,Pop
5190,Pop
5191,Pop
5192,Pop
5193,Pop
5194,Pop
5195,Pop
5196,Pop
5219,Rock
5220,Rock
5221,Rock
5222,Rock
5223,Rock
5224,Rock
5226,Rock
5227,Rock
5237,Rock
5238,Rock
5239,Rock
5240,Rock
5241,Rock
5242,Rock
5243,Rock
5244,Rock
5245,Rock
5246,Rock
5258,Rock
5264,Hip-Hop
5265,Hip-Hop
5266,Hip-Hop
5267,Hip-Hop
5268,Hip-Hop
5269,Hip-Hop
5270,Hip-Hop
5271,Rock
5272,Rock
5273,Rock
5274,Rock
5275,Rock
5276,Rock
5277,Rock
5278,Rock
5279,Rock
5280,Rock
5281,Rock
5283,Rock
5284,Rock
5285,Rock
5286,Rock
5287,Rock
5288,Rock
5289,Rock
5319,Electronic
5320,Electronic
5321,Electronic
5325,Electronic
5337,Electronic
5340,Electronic
5341,Electronic
5342,Electronic
5343,Electronic
5344,Electronic
5345,Electronic
5346,Electronic
5348,Electronic
5354,Electronic
5370,Electronic
5371,Electronic
5375,Folk
5376,Folk
5377,Folk
5378,Folk
5379,Folk
5380,Folk
5381,Folk
5399,Rock
5404,Rock
5405,Rock
5406,Rock
5407,Rock
5408,Rock
5409,Rock
5410,Rock
5412,Rock
5440,Electronic
5474,Rock
5477,Rock
5481,Rock
5510,Rock
5513,Rock
5517,Rock
5521,Experimental
5531,Experimental
5533,Experimental
5534,Experimental
5535,Experimental
5562,Rock
5566,Rock
5567,Rock
5569,Rock
5570,Rock
5571,Rock
5572,Rock
5573,Rock
5574,Rock
5576,Rock
5577,Rock
5600,Rock
5601,Rock
5879,Folk
5936,Folk
5939,Folk
5940,Folk
5955,Jazz
5986,Rock
5987,Rock
5988,Rock
5989,Rock
5990,Rock
5991,Rock
5992,Rock
5993,Rock
6274,Rock
6275,Rock
6276,Rock
6329,International
6330,International
6331,International
6332,International
6333,International
6342,International
6354,International
6355,International
6357,International
6358,International
6360,International
6363,International
6366,International
6367,International
6368,International
6369,International
6370,International
6372,International
6373,International
6374,International
6376,International
6379,International
6380,International
6381,International
6382,International
6383,International
6385,International
6387,International
6389,International
6390,International
6392,International
6393,International
6394,International
6396,International
6404,Folk
6405,Folk
6406,Folk
6407,Folk
6408,Folk
6409,Experimental
6410,Experimental
6411,Experimental
6439,Hip-Hop
6440,Hip-Hop
6442,Hip-Hop
6443,Hip-Hop
6448,Hip-Hop
6449,Hip-Hop
6459,International
6460,Folk
6461,Folk
6463,Folk
6464,Folk
6465,Folk
6466,Folk
6467,Folk
6469,International
6517,Rock
6519,Rock
6520,Rock
6522,Rock
6523,Spoken
6524,Rock
6525,Rock
6527,Rock
6528,Rock
6529,Rock
6530,Rock
6532,Rock
6533,Rock
6534,Rock
6536,Rock
6537,Rock
6584,Spoken
6585,Spoken
6586,Spoken
6587,Spoken
6589,Spoken
6590,Spoken
6592,Spoken
6593,Rock
6595,Rock
6596,Rock
6597,Rock
6598,Rock
6599,Rock
6600,Rock
6602,Rock
6603,Hip-Hop
6604,Hip-Hop
6605,Hip-Hop
6606,Hip-Hop
6607,Hip-Hop
6608,Hip-Hop
6609,Hip-Hop
6610,Hip-Hop
6611,Hip-Hop
6627,Rock
6629,Rock
6630,Rock
6631,Rock
6632,Rock
6633,Rock
6635,Rock
6636,Experimental
6637,Jazz
6638,Jazz
6639,Jazz
6640,Jazz
6641,Jazz
6654,Electronic
6655,Electronic
6656,Electronic
6657,Electronic
6658,Electronic
6660,Electronic
6661,Electronic
6662,Electronic
6663,Electronic
6664,Electronic
6666,Electronic
6667,Experimental
6669,Rock
6670,Rock
6671,Rock
6672,Rock
6673,Rock
6674,Experimental
6675,Experimental
6676,Experimental
6677,Experimental
6678,Experimental
6679,Experimental
6680,Experimental
6681,Experimental
6682,Experimental
6683,Experimental
6684,Experimental
6713,Experimental
6715,Rock
6716,Rock
6717,Rock
6718,Rock
6719,Rock
6733,Electronic
6734,Rock
6735,Rock
6752,Electronic
6753,Electronic
6754,Electronic
6755,Electronic
6756,Electronic
6757,Electronic
6758,Electronic
6759,Electronic
6760,Electronic
6761,Electronic
6762,Folk
6763,Electronic
6764,Electronic
6765,Electronic
6766,Electronic
6767,Electronic
6768,Electronic
6769,Electronic
6770,Electronic
6771,Electronic
6772,Electronic
6773,Electronic
6774,Electronic
6775,Electronic
6776,Rock
6777,Rock
6778,Rock
6779,Folk
6780,Folk
6781,Folk
6782,Folk
6783,Folk
6784,Folk
6785,Folk
6786,Folk
6787,Folk
6788,Rock
6789,Pop
6790,Pop
6791,Pop
6792,Pop
6793,Pop
6795,Pop
6796,Pop
6797,Electronic
6798,Electronic
6799,Electronic
6800,Electronic
6801,Electronic
6802,International
6803,International
6828,Rock
6829,Rock
6830,Rock
6831,Rock
6832,Rock
6833,Rock
6834,Rock
6835,Rock
6839,Rock
6840,Rock
6841,Rock
6843,Rock
6846,Rock
6848,Rock
6849,Rock
6850,Rock
6851,Rock
6854,Folk
6855,Folk
6856,Folk
6857,Folk
6858,Folk
6859,Folk
6860,Folk
6880,Spoken
6881,Spoken
6963,Jazz
6964,Jazz
6965,Jazz
6966,Jazz
6967,Jazz
6968,Jazz
7011,Electronic
7012,Electronic
7013,Electronic
7014,Electronic
7015,Electronic
7016,Electronic
7020,Electronic
7021,Electronic
7022,Electronic
7023,Electronic
7044,Electronic
7045,Electronic
7063,Rock
7064,Rock
7065,Rock
7066,Rock
7067,Rock
7068,Rock
7069,Rock
7070,Rock
7071,Rock
7073,Rock
7074,Rock
7075,Rock
7110,Rock
7121,Folk
7122,Folk
7123,Folk
7124,Folk
7132,Rock
7160,Rock
7169,Folk
7170,Folk
7171,Folk
7174,Experimental
7192,Rock
7193,Rock
7194,Rock
7195,Rock
7196,Rock
7197,Rock
7198,Rock
7199,Rock
7200,Rock
7201,Rock
7202,Rock
7203,Rock
7204,Rock
7205,Rock
7206,Experimental
7207,Experimental
7208,Rock
7209,Rock
7210,Rock
7211,Rock
7212,Rock
7213,Rock
7259,Rock
7260,Rock
7261,Rock
7262,Rock
7263,Rock
7326,Experimental
7327,Experimental
7328,Experimental
7329,Experimental
7330,Experimental
7331,Experimental
7332,Experimental
7333,Experimental
7334,Experimental
7336,Experimental
7337,Experimental
7338,Experimental
7339,Experimental
7340,Experimental
7341,Experimental
7342,Experimental
7344,Experimental
7345,Experimental
7346,Experimental
7347,Experimental
7348,Experimental
7349,Experimental
7373,Experimental
7374,Experimental
7375,Experimental
7376,Experimental
7377,Experimental
7378,Experimental
7379,Experimental
7380,Experimental
7381,Experimental
7382,Experimental
7383,Experimental
7384,Experimental
7385,Experimental
7386,Experimental
7387,Experimental
7388,Experimental
7389,Experimental
7390,Experimental
7391,Experimental
7393,Experimental
7394,Experimental
7395,Experimental
7396,Experimental
7397,Experimental
7398,Experimental
7399,Experimental
7401,Experimental
7402,Experimental
7403,Experimental
7404,Experimental
7405,Experimental
7406,Experimental
7407,Experimental
7422,Experimental
7423,Experimental
7424,Experimental
7425,Experimental
7426,Experimental
7427,Experimental
7428,Experimental
7429,Experimental
7430,Experimental
7439,Experimental
7449,Rock
7450,Rock
7451,Rock
7452,Rock
7453,Rock
7454,Rock
7455,Rock
7456,Rock
7457,Rock
7458,Rock
7459,Rock
7460,Rock
7461,Rock
7474,Rock
7475,Rock
7476,Rock
7477,Rock
7478,Rock
7479,Rock
7480,Rock
7481,Hip-Hop
7482,Hip-Hop
7483,Hip-Hop
7484,Hip-Hop
7485,Hip-Hop
7487,Hip-Hop
7488,Hip-Hop
7489,Hip-Hop
7490,Hip-Hop
7491,Hip-Hop
7492,Hip-Hop
7493,Rock
7494,Rock
7495,Rock
7496,Rock
7497,Rock
7498,Rock
7499,Rock
7500,Rock
7501,Rock
7502,Rock
7503,Rock
7525,Rock
7526,Pop
7527,Pop
7528,Pop
7529,Pop
7537,Experimental
7538,Experimental
7540,Experimental
7541,Electronic
7542,Electronic
7543,Electronic
7544,Electronic
7545,Electronic
7546,Electronic
7548,Experimental
7549,Experimental
7550,Experimental
7551,Experimental
7552,Experimental
7553,Experimental
7554,Experimental
7555,Experimental
7556,Experimental
7557,Experimental
7558,Experimental
7559,Experimental
7561,Experimental
7562,Experimental
7594,Experimental
7659,Experimental
7660,Experimental
7661,Experimental
7662,Experimental
7663,Experimental
7664,Experimental
7665,Experimental
7666,Experimental
7667,Experimental
7668,Experimental
7669,Experimental
7670,Experimental
7671,Experimental
7672,Experimental
7673,Experimental
7674,Experimental
7709,Folk
7710,Folk
7711,Folk
7712,Folk
7713,Folk
7714,Folk
7757,Experimental
7758,Experimental
7759,Experimental
7760,Experimental
7761,Experimental
7762,Electronic
7763,Electronic
7764,Electronic
7766,Electronic
7767,Electronic
7768,Electronic
7777,Rock
7778,Rock
7779,Rock
7780,Rock
7781,Rock
7782,Rock
7784,Rock
7785,Rock
7786,Rock
7787,Rock
7802,Experimental
7803,Experimental
7824,Experimental
7837,Rock
7838,Rock
7839,Rock
7840,Rock
7841,Rock
7842,Rock
7843,Rock
7844,Rock
7845,Rock
7846,Rock
7847,Rock
7848,Rock
7849,Rock
7850,Rock
7851,Rock
7852,Rock
7853,Rock
7864,Rock
7865,Rock
7866,Rock
7867,Rock
7868,Rock
7869,Rock
7870,Rock
7871,Rock
7872,Rock
7873,Rock
7874,Rock
